Package Name,Version,Backup,Permission,Activities,Content Provider,Service,Broadcast Receiver
com.youdao.hindict,4.0.10,true,"android.permission.INTERNET 
android.permission.ACCESS_NETWORK_STATE 
android.permission.SYSTEM_ALERT_WINDOW 
android.permission.READ_EXTERNAL_STORAGE 
android.permission.ACCESS_WIFI_STATE 
android.permission.WRITE_EXTERNAL_STORAGE 
com.android.launcher.permission.INSTALL_SHORTCUT 
com.android.launcher.permission.UNINSTALL_SHORTCUT 
android.permission.RECEIVE_BOOT_COMPLETED 
android.permission.DISABLE_KEYGUARD 
android.permission.GET_TASKS 
android.permission.ACCESS_COARSE_LOCATION 
android.permission.ACCESS_FINE_LOCATION 
android.permission.CAMERA 
android.permission.RECORD_AUDIO 
android.permission.WAKE_LOCK 
com.google.android.c2dm.permission.RECEIVE 
android.permission.CHANGE_CONFIGURATION 
com.google.android.finsky.permission.BIND_GET_INSTALL_REFERRER_SERVICE 
android.permission.MOUNT_UNMOUNT_FILESYSTEMS 
android.permission.FLASHLIGHT 
android.permission.VIBRATE 
android.permission.MODIFY_AUDIO_SETTINGS 
android.permission.BROADCAST_STICKY 
android.permission.MODIFY_AUDIO_SETTINGS","com.youdao.hindict.activity.HostActivity:false 
com.youdao.hindict.activity.SplashActivity:false 
com.youdao.hindict.activity.GuideActivity:false 
com.youdao.hindict.activity.SearchActivity:false 
com.youdao.hindict.activity.QuickSearchActivity:true 
com.youdao.hindict.activity.DefinitionActivity:false 
com.youdao.hindict.activity.CameraActivity:false 
com.youdao.hindict.activity.SettingActivity:false 
com.youdao.hindict.activity.WebActivity:false 
com.youdao.hindict.activity.QuoteActivity:false 
com.youdao.hindict.activity.DisplayLanguageActivity:false 
com.youdao.hindict.activity.CopySettingActivity:false 
com.youdao.hindict.activity.LockScreenSettingActivity:false 
com.youdao.hindict.activity.SurveyActivity:false 
com.youdao.hindict.activity.SuggestActivity:false 
com.youdao.hindict.activity.MyFavoriteActivity:false 
com.youdao.hindict.activity.OfflineActivity:false 
com.youdao.hindict.activity.WordbookActivity:false 
com.facebook.ads.InterstitialAdActivity:false 
com.youdao.hindict.activity.YoutubeActivity:false 
com.youdao.hindict.activity.ClipboardTransActivity:false 
com.youdao.hindict.activity.PermissionDialogActivity:false 
com.youdao.hindict.activity.AutoStartDialogActivity:false 
com.youdao.hindict.activity.LockScreenActivity:false 
com.youdao.hindict.activity.YoutubeWebViewActivity:false 
com.youdao.hindict.activity.OcrRegionResultActivity:false 
com.youdao.hindict.activity.WordLockSettingsActivity:false 
com.youdao.sdk.common.YouDaoBrowser:false 
com.youdao.hindict.activity.DictCardDetailActivity:false 
com.youdao.hindict.activity.DictImageActivity:false 
com.youdao.hindict.activity.TabActivity:false 
com.youdao.hindict.activity.DialogueTransActivity:false 
com.youdao.hindict.activity.TranslationHistoryActivity:false 
com.youdao.hindict.activity.PrivacyActivity:false 
com.youdao.hindict.activity.PushTestActivity:false 
com.youdao.hindict.activity.FishGameActivity:false 
com.youdao.uclass.activity.ExtendedLiveActivity:false 
com.youdao.uclass.activity.CourseDetailActivity:false 
com.youdao.uclass.activity.LoginActivity:false 
com.youdao.uclass.activity.PhoneLoginActivity:false 
com.google.android.gms.ads.AdActivity:false 
com.youdao.cropper.YDCropActivity:false 
com.facebook.FacebookActivity:false 
com.facebook.CustomTabMainActivity:false 
com.facebook.ads.AudienceNetworkActivity:false 
com.google.android.gms.auth.api.signin.internal.SignInHubActivity:false 
com.google.firebase.auth.internal.FederatedSignInActivity:true 
com.google.android.gms.common.api.GoogleApiActivity:false 
com.youdao.ydaccount.activity.GoogleCallbackActivity:false 
com.youdao.ydaccount.activity.FacebookCallbackActivity:false 
com.youdao.ydaccount.activity.ThirdPartyWebLoginActivity:false 
com.youdao.ydliveplayer.activity.YDLiveActivity:false 
com.youdao.ydliveplayer.activity.NPSViewActivity:false 
com.youdao.ydplayerview.SimpleVideoActivity:false","com.youdao.hindict.provider.FavoriteProvider:false 
com.duapps.ad.stats.DuAdCacheProvider:false 
androidx.core.content.FileProvider:false 
com.youdao.sdk.extra.common.AdDownloadProvider:false 
com.facebook.internal.FacebookInitProvider:false 
com.crashlytics.android.CrashlyticsInitProvider:false 
com.google.firebase.provider.FirebaseInitProvider:false 
com.google.android.gms.ads.MobileAdsInitProvider:false 
androidx.lifecycle.ProcessLifecycleOwnerInitializer:false","com.google.android.gms.analytics.CampaignTrackingService:false 
com.youdao.hindict.push.MyFirebaseMessagingService:false 
com.youdao.hindict.service.ClipboardWatcher:true 
com.youdao.hindict.service.JobService:true 
com.youdao.hindict.service.LockScreenService:true 
com.youdao.sdk.common.YouDaoAppService:false 
androidx.room.MultiInstanceInvalidationService:false 
com.google.android.gms.analytics.AnalyticsService:false 
com.google.android.gms.analytics.AnalyticsJobService:false 
com.google.firebase.messaging.FirebaseMessagingService:true 
com.google.android.gms.auth.api.signin.RevocationBoundService:true 
com.google.firebase.components.ComponentDiscoveryService:false 
com.google.firebase.iid.FirebaseInstanceIdService:true 
com.google.android.gms.measurement.AppMeasurementService:false 
com.google.android.gms.measurement.AppMeasurementJobService:false 
com.netease.nimlib.service.NimService:false 
com.netease.nimlib.service.NimService$Aux:false 
com.netease.nimlib.job.NIMJobService:true 
com.netease.nimlib.service.ResponseService:false 
com.youdao.ydplayerview.services.MediaPlayerService:true","com.google.android.gms.analytics.CampaignTrackingReceiver:true 
com.google.ads.conversiontracking.InstallReceiver:true 
com.youdao.hindict.receiver.DownloadReceiver:false 
com.youdao.hindict.receiver.UserPresentReceiver:false 
com.youdao.hindict.receiver.NetBroadcastReceiver:false 
com.youdao.hindict.receiver.BootCompletedReceiver:false 
com.youdao.hindict.receiver.MainProcessReceiver:false 
com.duapps.ad.base.PackageAddReceiver:false 
com.youdao.sdk.common.YouDaoTrackerReceiver:true 
com.youdao.hindict.receiver.TimezoneReceiver:false 
com.appsflyer.SingleInstallBroadcastReceiver:true 
com.google.android.gms.analytics.AnalyticsReceiver:false 
com.google.firebase.iid.FirebaseInstanceIdReceiver:true 
com.google.android.gms.measurement.AppMeasurementReceiver:false 
com.google.android.gms.measurement.AppMeasurementInstallReferrerReceiver:true 
com.netease.nimlib.service.NimReceiver:false 
com.netease.nimlib.service.ResponseReceiver:false 
com.youdao.ydliveplayer.receiver.MediaReiceiver:false"
me.pou.app,1.4.77,false,"android.permission.INTERNET 
android.permission.WAKE_LOCK 
android.permission.WRITE_EXTERNAL_STORAGE 
com.android.vending.BILLING 
android.permission.RECORD_AUDIO 
android.permission.ACCESS_NETWORK_STATE 
android.permission.ACCESS_WIFI_STATE 
android.permission.BLUETOOTH 
android.permission.BLUETOOTH_ADMIN 
android.permission.READ_PHONE_STATE 
android.permission.READ_EXTERNAL_STORAGE","me.pou.app.App:false 
com.google.android.gms.ads.AdActivity:false 
com.paypal.android.sdk.payments.PaymentActivity:false 
com.paypal.android.sdk.payments.LoginActivity:false 
com.paypal.android.sdk.payments.PaymentMethodActivity:false 
com.paypal.android.sdk.payments.PaymentConfirmActivity:false 
com.paypal.android.sdk.payments.PaymentCompletedActivity:false 
io.card.payment.CardIOActivity:false 
io.card.payment.DataEntryActivity:false 
com.adcolony.sdk.AdColonyInterstitialActivity:false 
com.adcolony.sdk.AdColonyAdViewActivity:false 
com.vungle.publisher.FullScreenAdActivity:false 
com.google.android.gms.common.api.GoogleApiActivity:false",,"me.pou.app.NotificationsService:false 
com.paypal.android.sdk.payments.PayPalService:false 
com.vungle.publisher.VungleService:false 
com.google.android.gms.analytics.AnalyticsService:false 
com.google.android.gms.analytics.AnalyticsJobService:false","com.amazon.device.iap.ResponseReceiver:false 
com.google.android.gms.analytics.AnalyticsReceiver:false"
com.adobe.lrmobile,4.2.2,false,"android.permission.INTERNET 
android.permission.ACCESS_NETWORK_STATE 
android.permission.READ_EXTERNAL_STORAGE 
android.permission.WRITE_EXTERNAL_STORAGE 
com.android.vending.BILLING 
android.permission.RECEIVE_BOOT_COMPLETED 
android.permission.ACCESS_WIFI_STATE 
android.permission.FOREGROUND_SERVICE 
android.permission.CAMERA 
android.permission.ACCESS_FINE_LOCATION","com.adobe.lrmobile.lrimport.ptpimport.PtpActivity:false 
com.adobe.lrmobile.LrCaptureActivity:true 
com.adobe.lrmobile.LrCaptureShortcutCreatorActivity:false 
com.adobe.lrmobile.StorageCheckActivity:false 
com.adobe.mobile.MessageFullScreenActivity:false 
com.adobe.lrmobile.material.collections.CollectionsViewActivity:false 
com.adobe.lrmobile.material.collections.neworganize.adhocshare.AdHocShareActivity:false 
com.adobe.lrmobile.material.grid.search.AssistantSearchActivity:true 
com.adobe.lrmobile.material.grid.GridViewActivity:false 
com.adobe.lrmobile.material.loupe.LoupePhoneActivity:false 
com.adobe.lrmobile.material.loupe.LoupeActivity:false 
com.adobe.lrmobile.material.slideshow.SlideshowActivity:false 
com.adobe.lrmobile.material.settings.PreferencesActivity:false 
com.adobe.lrmobile.material.settings.MetadataSharingActivity:false 
com.adobe.lrmobile.material.settings.UsageDataActivity:false 
com.adobe.lrmobile.material.settings.StorageSDCardActivity:false 
com.adobe.lrmobile.lrimport.importgallery.ImportGalleryActivity:false 
com.adobe.lrmobile.lrimport.importgallery.ImportGalleryFolderDetailActivity:false 
com.adobe.lrmobile.lrimport.CollectionChooserActivity:false 
com.adobe.lrmobile.application.login.LoginActivity:false 
com.adobe.lrmobile.application.login.learnmore.LearnMoreActivity:false 
com.adobe.lrmobile.application.login.Upsells.UpsellActivity:false 
com.adobe.lrmobile.material.settings.DeviceInfoActivity:false 
com.adobe.lrmobile.material.settings.AccountManagementActivity:false 
com.adobe.lrmobile.material.settings.HelpActivity:false 
com.adobe.lrmobile.material.settings.AutoAddActivity:false 
com.adobe.lrmobile.material.settings.ImportCorrectionsActivity:false 
com.adobe.lrmobile.material.settings.AboutLightroomActivity:false 
com.adobe.lrmobile.material.collections.folders.AlbumFolderChooserActivity:false 
com.adobe.lrmobile.application.login.premium.purchase.InAppPurchaseActivity:false 
com.adobe.lrmobile.material.settings.SupportActivity:false 
com.adobe.lrmobile.material.settings.GuidedTutorialActivity:false 
com.adobe.lrmobile.material.settings.WaterMarkActivity:false 
com.adobe.lrmobile.material.settings.WaterMarkSelectFontActivity:false 
com.adobe.lrmobile.material.techpreview.TechPreviewActivity:false 
com.adobe.lrmobile.lrimport.openewithlrimport.AddToLrActivity:false 
com.adobe.lrmobile.material.settings.WhatsNewActivity:false 
com.adobe.lrmobile.material.feedback.FeedbackActivity:false 
com.adobe.lrmobile.material.collections.neworganize.NewCollectionsOrganizeActivity:false 
com.adobe.lrmobile.applink.AppLinkReceiverActivity:false 
com.adobe.lrmobile.material.settings.peoplelegal.PeopleLegalActivity:false 
com.adobe.capturemodule.CaptureActivity:false 
com.adobe.creativesdk.foundation.applibrary.internal.AppLibraryActivity:false 
com.adobe.creativesdk.foundation.applibrary.internal.ActionResolverActivity:false 
com.adobe.creativesdk.foundation.internal.storage.controllers.AdobeUXAssetOneUpViewerActivity:false 
com.adobe.creativesdk.foundation.internal.storage.controllers.AdobeUXPhotoAssetOneUpViewerActivity:false 
com.adobe.creativesdk.foundation.internal.storage.controllers.AdobeUxAssetBrowserV2Activity:false 
com.adobe.creativesdk.foundation.internal.storage.controllers.AdobeUXAssetVideoActivity:false 
com.adobe.creativesdk.foundation.internal.storage.controllers.AdobeUXLibraryItemCollectionOneUpViewerActivity:false 
com.adobe.creativesdk.foundation.internal.storage.controllers.AdobeUXMobilePackageItemOneUpViewerActivity:false 
com.adobe.creativesdk.foundation.internal.storage.controllers.AdobeUXCompositionOneUpViewerActivity:false 
com.adobe.creativesdk.foundation.internal.storage.controllers.edit.AdobeAssetEditActivity:false 
com.adobe.creativesdk.foundation.internal.storage.controllers.libraryedit.AdobeDesignLibraryMoveActivity:false 
com.adobe.creativesdk.foundation.internal.settings.CloudPickerActivity:false 
com.adobe.creativesdk.foundation.internal.storage.controllers.AdobeShowUploadTasksActivity:false 
com.adobe.creativesdk.foundation.internal.auth.AdobeAuthSignInActivity:false 
com.adobe.creativesdk.foundation.internal.auth.AdobeAuthContinuableEventActivity:false 
com.adobe.creativesdk.foundation.internal.base.AdobeTOUHandlerActivity:false 
com.android.billingclient.api.ProxyBillingActivity:false 
com.google.android.gms.auth.api.signin.internal.SignInHubActivity:false 
com.facebook.FacebookActivity:false 
com.facebook.CustomTabMainActivity:false 
com.google.android.gms.common.api.GoogleApiActivity:false","com.adobe.lrmobile.thfoundation.android.THContentProvider:false 
androidx.core.content.FileProvider:false 
com.crashlytics.android.CrashlyticsInitProvider:false 
androidx.lifecycle.ProcessLifecycleOwnerInitializer:false 
com.facebook.internal.FacebookInitProvider:false","com.adobe.lrmobile.LrImporterService:false 
com.adobe.lrmobile.profilecorrection.ProfileService:false 
com.adobe.lrmobile.HDRExecutionService:false 
com.google.android.gms.auth.api.signin.RevocationBoundService:true","com.adobe.lrmobile.thfoundation.android.THBroadcastReceiver:false 
com.adobe.lrmobile.thfoundation.analytics.THAnalyticsBroadcastReceiver:true 
com.adobe.mobile.MessageNotificationHandler:false 
com.adobe.lrmobile.LrImporterReceiver:false 
com.adobe.lrmobile.lrimport.ptpimport.PtpDeviceReceiver:false 
com.adobe.lrmobile.lrimport.AutoAddInitializeReceiver:true 
com.adobe.lrmobile.lrimport.AutoAddAlarmReceiver:false 
io.branch.referral.InstallListener:true"
air.com.lunime.gachalife,1.0.9,false,"android.permission.INTERNET 
android.permission.WRITE_EXTERNAL_STORAGE 
android.permission.READ_PHONE_STATE 
android.permission.ACCESS_NETWORK_STATE 
com.android.vending.BILLING","air.com.lunime.gachalife.AppEntry:false 
com.google.android.gms.ads.AdActivity:false",com.adobe.air.CameraUIProvider:false,,
